taxon,we.ep,we.eBH,wi.ep,wi.eBH,rab.all,rab.win.NAT,rab.win.Tumor,diff.btw,diff.win,effect,overlap,p_we,q_we,p_wi,q_wi,p_min,significant,direction
Staphylococcus,3.379696013368662e-4,0.03692290366755804,6.419276263083164e-4,0.0700025713670498,8.511642068927177,8.013023712845992,8.740621935087667,0.8309766524486313,6.425621822752028,0.12961975625330346,0.40960000031151633,3.379696013368662e-4,0.03692290366755804,6.419276263083164e-4,0.0700025713670498,0.03692290366755804,TRUE,Tumor_enriched
