taxon,lfc_(Intercept),lfc_GroupTumor,se_(Intercept),se_GroupTumor,W_(Intercept),W_GroupTumor,p_(Intercept),p_GroupTumor,q_(Intercept),q_GroupTumor,diff_(Intercept),diff_GroupTumor,passed_ss_(Intercept),passed_ss_GroupTumor,diff_robust_(Intercept),diff_robust_GroupTumor,lfc,qval,diff,diff_robust,significant,significant_robust,direction,direction_robust
Ochrobactrum,0.40888300696405905,-0.42504451454627845,0.34716326982577583,0.02079977701073222,1.1777830274765453,-20.435051506896684,0.2499737602723334,4.069206239049661e-17,0.3613906362794306,5.147545892397821e-15,FALSE,TRUE,TRUE,FALSE,FALSE,FALSE,-0.42504451454627845,5.147545892397821e-15,TRUE,FALSE,TRUE,FALSE,NAT_enriched,ns
Unknown genus24,-0.37893322687485476,0.4284336658846825,0.19182646630962272,0.0207865148778862,-1.975395961593888,20.611135074907292,0.0593615875244381,3.321867555089185e-17,0.1135428170079715,5.147545892397821e-15,FALSE,TRUE,TRUE,FALSE,FALSE,FALSE,0.4284336658846825,5.147545892397821e-15,TRUE,FALSE,TRUE,FALSE,Tumor_enriched,ns
Citrobacter,-0.10504756858577195,-0.3599692528460636,0.34036979693811253,0.020798127075173773,-0.3086277617190345,-17.30777254821903,0.7613546911328801,3.133151001857463e-12,0.863779089043133,2.642290678233127e-10,FALSE,TRUE,TRUE,FALSE,FALSE,FALSE,-0.3599692528460636,2.642290678233127e-10,TRUE,FALSE,TRUE,FALSE,NAT_enriched,ns
