feature,metadata,value,coef,stderr,N,N.not.0,pval,qval
Afipia,Group,Tumor,-1.7417261028679,0.488884723339429,308,308,4.8984803478222e-4,0.0259619458434578
Staphylococcus,Group,Tumor,1.41762632243568,0.396483421962437,308,308,4.6818278008933e-4,0.0259619458434578
