feature	metadata	value	coef	stderr	N	N.not.0	pval	qval
Afipia	Group	Tumor	-1.7417261028679	0.488884723339429	308	308	0.000489848034782222	0.0259619458434578
Staphylococcus	Group	Tumor	1.41762632243568	0.396483421962437	308	308	0.000468182780089337	0.0259619458434578
Klebsiella	Group	Tumor	-1.45201801268924	0.449480447708088	308	308	0.00151320558360707	0.0534665972874499
Prevotella	Group	Tumor	1.25560242201093	0.413653543998731	308	308	0.00282401594385905	0.0598691380098119
Sphaerobacter	Group	Tumor	-1.27587626212155	0.415544560304196	308	308	0.00253043113875178	0.0598691380098119
Streptococcus	Group	Tumor	1.33673853133294	0.47885929370573	308	308	0.00591551763818962	0.104507478274683
Comamonas	Group	Tumor	-1.0437324119803	0.397132128708267	308	308	0.00945943363134638	0.12533749561534
Haemophilus	Group	Tumor	-1.15345348309895	0.433045844175697	308	308	0.00855925669195178	0.12533749561534
Leuconostoc	Group	Tumor	-1.02023218373672	0.431261848068701	308	308	0.0192497058555241	0.22671875785395
