baseMean,log2FoldChange,lfcSE,pvalue,padj,genus,significant,direction
174.06987593561823,-0.031478255939362515,1.006832117348362,1.210297348688846e-6,4.47810019014873e-5,Methylobacterium,TRUE,NAT_enriched
50.62893872138166,-0.0499575203680754,1.0156105107703572,5.1911895803243587e-5,9.603700723600063e-4,Geobacillus,TRUE,NAT_enriched
4060.7462525865594,-0.38832098187223707,1.0400223180385952,8.288359086624046e-5,0.0010222309540169657,Pseudomonas,TRUE,NAT_enriched
29.34713037918893,-0.04136855795675203,1.0151498506156782,6.006412051174128e-4,0.004444744917868855,Blautia,TRUE,NAT_enriched
76.34189687829013,0.14517668570605952,1.0185856550409575,5.20981461050579e-4,0.004444744917868855,Escherichia/Shigella,TRUE,Tumor_enriched
35.77560446248762,0.08308674082914073,1.013093164197106,0.003219129911467549,0.017015400960614185,Staphylococcus,TRUE,Tumor_enriched
14.304200899663382,-0.03972399323200135,1.0151392023506842,0.0028010462073553813,0.017015400960614185,Unknown genus296,TRUE,NAT_enriched
