baseMean,log2FoldChange,lfcSE,pvalue,padj,genus,significant,direction
75.9297210281361,-8.483996339010015e-8,0.0014426950290287175,1.3444868233452828e-16,1.559604715080528e-14,Sphingobium,TRUE,NAT_enriched
54.09838579292496,-3.9890737417433285e-9,0.0014426950038876692,3.548156411719928e-5,0.0020579307187975583,Methylobacterium,TRUE,NAT_enriched
41.621128748459896,-2.6466827750530787e-8,0.0014426950264658353,1.0255140231733662e-4,0.003965320889603682,Arthrobacter,TRUE,NAT_enriched
29.1416190370563,6.6908034807246e-9,0.001442695026771218,5.423071954931055e-4,0.01572690866930006,Schlegelella,TRUE,Tumor_enriched
52.026989544171485,1.353441802514433e-7,0.0014426950125310065,9.126660747525787e-4,0.021173852934259826,Staphylococcus,TRUE,Tumor_enriched
