baseMean,log2FoldChange,lfcSE,pvalue,padj,genus,significant,direction
160.2641826736613,-0.09078702207359017,1.0206228177833665,1.2147252396948288e-23,1.0689582109314493e-21,Sphingobium,TRUE,NAT_enriched
119.4921670573315,-0.12647261397111728,1.0257386217648417,1.6710557102767038e-20,7.352645125217496e-19,Petrobacter,TRUE,NAT_enriched
73.05321632745625,-0.08880846856977448,1.0205428687321207,2.1325859108115934e-17,6.255585338380674e-16,Aeromonas,TRUE,NAT_enriched
60.25305389617475,-0.02161255263713526,1.006210147448474,3.048761527932121e-6,6.707275361450667e-5,Methylobacterium,TRUE,NAT_enriched
47.20839611327759,-0.04665867647670139,1.0155825939091634,3.531046136510122e-5,6.214641200257815e-4,Geobacillus,TRUE,NAT_enriched
84.26197367251474,0.1602672699441225,1.021426952667237,9.360252357987851e-4,0.012912408955019456,Escherichia/Shigella,TRUE,Tumor_enriched
3436.6936366203427,-0.3094901202467153,1.0151125257544513,0.0010271234396038204,0.012912408955019456,Pseudomonas,TRUE,NAT_enriched
29.252586190705838,-0.037589225238202316,1.0147920473276515,0.002293128208311384,0.025224410291425223,Blautia,TRUE,NAT_enriched
40.17358960759698,0.09695757928192321,1.0158937391197191,0.003095891891905048,0.03027094294307158,Staphylococcus,TRUE,Tumor_enriched
