feature,metadata,value,coef,stderr,N,N.not.0,pval,qval,significant,direction
Actinobacillus,Group,Tumor,0.749747370087071,0.205968699148896,456,347,3.3750711072397e-4,0.0443036186638005,TRUE,Tumor_enriched
Bacillus,Group,Tumor,-1.09240761282603,0.322691092740579,456,116,7.7273753483373e-4,0.0443036186638005,TRUE,NAT_enriched
Devosia,Group,Tumor,-0.725767771709319,0.20637633490163,456,70,5.2751363498268e-4,0.0443036186638005,TRUE,NAT_enriched
