feature,metadata,value,coef,stderr,N,N.not.0,pval,qval,significant,direction
Aureimonas,Group,Tumor,-0.271735848918466,0.0596600088734018,308,66,1.06460338163762e-5,0.00269344655554319,TRUE,NAT_enriched
Staphylococcus,Group,Tumor,1.33021764194603,0.352657824231496,308,241,2.3098656897651e-4,0.0292198009755295,TRUE,Tumor_enriched
Arcticibacter,Group,Tumor,-0.281106793500884,0.0768191668865727,308,134,3.4750474950663e-4,0.0293062338750596,TRUE,NAT_enriched
Actinobacillus,Group,Tumor,-0.740714964098672,0.214667564711571,308,166,7.2330633220497e-4,0.0403582298040508,TRUE,NAT_enriched
Prevotella,Group,Tumor,1.18575191881926,0.346511260265473,308,172,7.9759347438835e-4,0.0403582298040508,TRUE,Tumor_enriched
