feature	metadata	value	coef	stderr	N	N.not.0	pval	qval
Bacillus	Group	Tumor	-1.55173738069576	0.542819990365815	456	456	0.00445014456128209	0.12682911999654
Unknown.genus24	Group	Tumor	1.04340493747499	0.340580681706778	456	456	0.00245119804784062	0.12682911999654
