baseMean,log2FoldChange,lfcSE,pvalue,padj,genus,significant,direction
53.28292183627105,-3.2919074845096737e-9,0.00144269500374272,3.4127937094161214e-5,0.002388955596591285,Methylobacterium,TRUE,NAT_enriched
41.48330518605907,-3.462322467358165e-8,0.0014426950264224854,9.559525284092776e-5,0.003046766375543511,Arthrobacter,TRUE,NAT_enriched
50.27165643250362,1.89687815709409e-7,0.00144269500015907,1.3057570180900763e-4,0.003046766375543511,Staphylococcus,TRUE,Tumor_enriched
29.239655356327642,-3.149752872465413e-8,0.0014426950267857027,4.7407086283539156e-4,0.008296240099619353,Schlegelella,TRUE,NAT_enriched
