taxon,we.ep,we.eBH,wi.ep,wi.eBH,rab.all,rab.win.NAT,rab.win.Tumor,diff.btw,diff.win,effect,overlap,p_min,significant,direction
Staphylococcus,9.831526181256107e-5,0.01759748160457232,5.481003958023468e-4,0.0969091770261733,10.793370236939829,10.373219655453436,11.014973284552218,0.7971336267213252,6.917839762525885,0.13159086611813448,0.40911817667789196,0.01759748160457232,TRUE,Tumor_enriched
Prevotella,3.41990673778542e-4,0.03060816530317951,0.0034354288336249806,0.1457804166769653,8.6761953654028,2.594254690656822,10.215150184404314,0.890206992814849,8.974046618942703,0.1255820181581556,0.3951209761703793,0.03060816530317951,TRUE,Tumor_enriched
