taxon,lfc_(Intercept),lfc_GroupTumor,se_(Intercept),se_GroupTumor,W_(Intercept),W_GroupTumor,p_(Intercept),p_GroupTumor,q_(Intercept),q_GroupTumor,diff_(Intercept),diff_GroupTumor,passed_ss_(Intercept),passed_ss_GroupTumor,diff_robust_(Intercept),diff_robust_GroupTumor,lfc,qval,diff,diff_robust,significant,significant_robust,direction,direction_robust
Wautersiella,0.7704226555443638,-0.5164874661178134,0.21435984908408284,0.01919207215992603,3.594062315476649,-26.911500843367197,9.669993843645069e-4,1.9372588332966728e-25,0.0031381866813338715,3.332085193270277e-23,TRUE,TRUE,FALSE,FALSE,FALSE,FALSE,-0.5164874661178134,3.332085193270277e-23,TRUE,FALSE,TRUE,FALSE,NAT_enriched,ns
Xanthomonas,-0.06043523387552455,0.5678852984358543,0.3039866532853491,0.019191419065340228,-0.19880883986967227,29.590584026246255,0.8443244805860968,1.3223889196376454e-18,1,1.1372544708883752e-16,FALSE,TRUE,TRUE,FALSE,FALSE,FALSE,0.5678852984358543,1.1372544708883752e-16,TRUE,FALSE,TRUE,FALSE,Tumor_enriched,ns
Rhodobacter,-0.19839586726110706,0.17687268227247321,0.23860008248810552,0.01916527337240271,-0.8314995753238992,9.228810820260117,0.4132631299408973,1.0971690406292784e-9,0.6825564576894957,6.290435832941197e-8,FALSE,TRUE,TRUE,FALSE,FALSE,FALSE,0.17687268227247321,6.290435832941197e-8,TRUE,FALSE,TRUE,FALSE,Tumor_enriched,ns
