taxon,we.ep,we.eBH,wi.ep,wi.eBH,rab.all,rab.win.NAT,rab.win.Tumor,diff.btw,diff.win,effect,overlap,p_we,q_we,p_wi,q_wi,p_min,significant,direction
Staphylococcus,2.6647411779807603e-4,0.03721554202979636,3.6047097000057975e-4,0.055896426419513666,6.773536076898696,6.318921635869829,7.012998315923938,0.821892923455898,6.689131593633233,0.11692799964993478,0.4203159370850637,2.6647411779807603e-4,0.03721554202979636,3.6047097000057975e-4,0.055896426419513666,0.03721554202979636,TRUE,Tumor_enriched
