feature,metadata,value,coef,stderr,N,N.not.0,pval,qval
Friedmanniella,Group,Tumor,0.806699313814368,0.221136535049787,456,456,3.2789965646672e-4,0.0436106543100739
