feature	metadata	value	coef	stderr	N	N.not.0	pval	qval
Friedmanniella	Group	Tumor	0.806699313814368	0.221136535049787	456	456	0.000327899656466721	0.0436106543100739
Bacillus	Group	Tumor	-1.43673949475001	0.500504373740264	456	456	0.00428861815298653	0.142596553586802
Skermanella	Group	Tumor	1.02327035420922	0.349911940682304	456	456	0.00380136461139035	0.142596553586802
Unknown.genus24	Group	Tumor	0.943971590638747	0.324496242745663	456	456	0.00398563970601168	0.142596553586802
Altererythrobacter	Group	Tumor	0.608592716452852	0.217200303471966	456	456	0.0055175430163941	0.146766644236083
Methyloversatilis	Group	Tumor	0.558538461842106	0.204235292939162	456	456	0.0067350373638164	0.149293328231264
Wautersiella	Group	Tumor	0.695516650611089	0.265616565046776	456	456	0.00942641383798307	0.179101862921678
Unknown.genus39	Group	Tumor	0.578277676270322	0.234059927513646	456	456	0.0142233489650876	0.236463176544581
Alkanindiges	Group	Tumor	0.521190072713652	0.215957521785668	456	456	0.016598251997977	0.24528527952566
