taxon,we.ep,we.eBH,wi.ep,wi.eBH,rab.all,rab.win.NAT,rab.win.Tumor,diff.btw,diff.win,effect,overlap,p_min,significant,direction
Friedmanniella,0.001965858506986865,0.2561496629525828,4.590190738556401e-4,0.025133552596681666,1.292722154738196,1.17624953168065,1.4013592729870537,0.2751313938704154,1.6465371407796,0.10165978137457661,0.4033193364674254,0.025133552596681666,TRUE,Tumor_enriched
Altererythrobacter,0.03058329701767455,0.8993737047305346,7.455021964385949e-4,0.030070697043327505,0.39640528174693657,0.30743386606280154,0.47579645384488956,0.21729685561762313,1.4828085110121316,0.09013576346480869,0.4238000002600399,0.030070697043327505,TRUE,Tumor_enriched
