feature,metadata,value,coef,stderr,N,N.not.0,pval,qval
Staphylococcus,Group,Tumor,1.53210513590747,0.408834803532647,308,308,2.5262390162046e-4,0.0452196783900636
