feature,metadata,value,coef,stderr,N,N.not.0,pval,qval,significant,direction
Prevotella,Group,Tumor,1.20012643090466,0.349009620257498,308,172,7.5333797139322e-4,0.0399269124838411,TRUE,Tumor_enriched
Staphylococcus,Group,Tumor,1.26309932380839,0.349242777946857,308,241,4.0466667977551e-4,0.0399269124838411,TRUE,Tumor_enriched
